"filename", "language", "JSON", "JavaScript", "XML", "CSS", "PHP", "YAML", "Vue", "Markdown", "comment", "blank", "total"
"/home/asmaoui/Documents/coding/Association-Management/.eslintrc.js", "JavaScript", 0, 27, 0, 0, 0, 0, 0, 0, 0, 1, 28
"/home/asmaoui/Documents/coding/Association-Management/README.md", "Markdown", 0, 0, 0, 0, 0, 0, 0, 45, 0, 22, 67
"/home/asmaoui/Documents/coding/Association-Management/app/Actions/Fortify/CreateNewUser.php", "PHP", 0, 0, 0, 0, 25, 0, 0, 0, 5, 6, 36
"/home/asmaoui/Documents/coding/Association-Management/app/Actions/Fortify/PasswordValidationRules.php", "PHP", 0, 0, 0, 0, 10, 0, 0, 0, 5, 4, 19
"/home/asmaoui/Documents/coding/Association-Management/app/Actions/Fortify/ResetUserPassword.php", "PHP", 0, 0, 0, 0, 19, 0, 0, 0, 5, 6, 30
"/home/asmaoui/Documents/coding/Association-Management/app/Actions/Fortify/UpdateUserPassword.php", "PHP", 0, 0, 0, 0, 22, 0, 0, 0, 5, 6, 33
"/home/asmaoui/Documents/coding/Association-Management/app/Actions/Fortify/UpdateUserProfileInformation.php", "PHP", 0, 0, 0, 0, 39, 0, 0, 0, 10, 8, 57
"/home/asmaoui/Documents/coding/Association-Management/app/Actions/Jetstream/DeleteUser.php", "PHP", 0, 0, 0, 0, 13, 0, 0, 0, 3, 4, 20
"/home/asmaoui/Documents/coding/Association-Management/app/Console/Commands/CheckAbonnementStatus.php", "PHP", 0, 0, 0, 0, 12, 0, 0, 0, 18, 7, 37
"/home/asmaoui/Documents/coding/Association-Management/app/Console/Commands/MigrateInOrder.php", "PHP", 0, 0, 0, 0, 11, 0, 0, 0, 14, 6, 31
"/home/asmaoui/Documents/coding/Association-Management/app/Console/Kernel.php", "PHP", 0, 0, 0, 0, 19, 0, 0, 0, 11, 7, 37
"/home/asmaoui/Documents/coding/Association-Management/app/Exceptions/Handler.php", "PHP", 0, 0, 0, 0, 17, 0, 0, 0, 9, 5, 31
"/home/asmaoui/Documents/coding/Association-Management/app/Http/Controllers/AbonnementController.php", "PHP", 0, 0, 0, 0, 73, 0, 0, 0, 23, 15, 111
"/home/asmaoui/Documents/coding/Association-Management/app/Http/Controllers/ActivityController.php", "PHP", 0, 0, 0, 0, 122, 0, 0, 0, 31, 29, 182
"/home/asmaoui/Documents/coding/Association-Management/app/Http/Controllers/ActivityTypeController.php", "PHP", 0, 0, 0, 0, 51, 0, 0, 0, 26, 16, 93
"/home/asmaoui/Documents/coding/Association-Management/app/Http/Controllers/AdherentController.php", "PHP", 0, 0, 0, 0, 180, 0, 0, 0, 32, 33, 245
"/home/asmaoui/Documents/coding/Association-Management/app/Http/Controllers/AssociationController.php", "PHP", 0, 0, 0, 0, 76, 0, 0, 0, 28, 16, 120
"/home/asmaoui/Documents/coding/Association-Management/app/Http/Controllers/ChartController.php", "PHP", 0, 0, 0, 0, 29, 0, 0, 0, 3, 5, 37
"/home/asmaoui/Documents/coding/Association-Management/app/Http/Controllers/Controller.php", "PHP", 0, 0, 0, 0, 9, 0, 0, 0, 0, 4, 13
"/home/asmaoui/Documents/coding/Association-Management/app/Http/Controllers/DashboardController.php", "PHP", 0, 0, 0, 0, 142, 0, 0, 0, 10, 47, 199
"/home/asmaoui/Documents/coding/Association-Management/app/Http/Controllers/DepenseController.php", "PHP", 0, 0, 0, 0, 67, 0, 0, 0, 26, 23, 116
"/home/asmaoui/Documents/coding/Association-Management/app/Http/Controllers/DepenseTypeController.php", "PHP", 0, 0, 0, 0, 46, 0, 0, 0, 25, 13, 84
"/home/asmaoui/Documents/coding/Association-Management/app/Http/Controllers/DocumentsController.php", "PHP", 0, 0, 0, 0, 233, 0, 0, 0, 14, 54, 301
"/home/asmaoui/Documents/coding/Association-Management/app/Http/Controllers/GroupeController.php", "PHP", 0, 0, 0, 0, 84, 0, 0, 0, 23, 23, 130
"/home/asmaoui/Documents/coding/Association-Management/app/Http/Controllers/RapportController.php", "PHP", 0, 0, 0, 0, 28, 0, 0, 0, 28, 10, 66
"/home/asmaoui/Documents/coding/Association-Management/app/Http/Controllers/ReunionController.php", "PHP", 0, 0, 0, 0, 86, 0, 0, 0, 4, 18, 108
"/home/asmaoui/Documents/coding/Association-Management/app/Http/Controllers/ReunionTypeController.php", "PHP", 0, 0, 0, 0, 40, 0, 0, 0, 14, 13, 67
"/home/asmaoui/Documents/coding/Association-Management/app/Http/Controllers/RevenueController.php", "PHP", 0, 0, 0, 0, 64, 0, 0, 0, 25, 19, 108
"/home/asmaoui/Documents/coding/Association-Management/app/Http/Controllers/RevenueTypeController.php", "PHP", 0, 0, 0, 0, 46, 0, 0, 0, 24, 12, 82
"/home/asmaoui/Documents/coding/Association-Management/app/Http/Controllers/RoleController.php", "PHP", 0, 0, 0, 0, 28, 0, 0, 0, 28, 10, 66
"/home/asmaoui/Documents/coding/Association-Management/app/Http/Controllers/StatutController.php", "PHP", 0, 0, 0, 0, 53, 0, 0, 0, 27, 19, 99
"/home/asmaoui/Documents/coding/Association-Management/app/Http/Controllers/StockController.php", "PHP", 0, 0, 0, 0, 66, 0, 0, 0, 24, 18, 108
"/home/asmaoui/Documents/coding/Association-Management/app/Http/Controllers/StockTypeController.php", "PHP", 0, 0, 0, 0, 46, 0, 0, 0, 24, 13, 83
"/home/asmaoui/Documents/coding/Association-Management/app/Http/Controllers/UserController.php", "PHP", 0, 0, 0, 0, 64, 0, 0, 0, 32, 21, 117
"/home/asmaoui/Documents/coding/Association-Management/app/Http/Kernel.php", "PHP", 0, 0, 0, 0, 46, 0, 0, 0, 21, 7, 74
"/home/asmaoui/Documents/coding/Association-Management/app/Http/Middleware/Authenticate.php", "PHP", 0, 0, 0, 0, 11, 0, 0, 0, 3, 4, 18
"/home/asmaoui/Documents/coding/Association-Management/app/Http/Middleware/DenyAccessMiddleware.php", "PHP", 0, 0, 0, 0, 12, 0, 0, 0, 5, 4, 21
"/home/asmaoui/Documents/coding/Association-Management/app/Http/Middleware/EncryptCookies.php", "PHP", 0, 0, 0, 0, 8, 0, 0, 0, 6, 4, 18
"/home/asmaoui/Documents/coding/Association-Management/app/Http/Middleware/HandleInertiaRequests.php", "PHP", 0, 0, 0, 0, 39, 0, 0, 0, 20, 7, 66
"/home/asmaoui/Documents/coding/Association-Management/app/Http/Middleware/PreventRequestsDuringMaintenance.php", "PHP", 0, 0, 0, 0, 8, 0, 0, 0, 6, 4, 18
"/home/asmaoui/Documents/coding/Association-Management/app/Http/Middleware/RedirectIfAuthenticated.php", "PHP", 0, 0, 0, 0, 20, 0, 0, 0, 5, 6, 31
"/home/asmaoui/Documents/coding/Association-Management/app/Http/Middleware/TrimStrings.php", "PHP", 0, 0, 0, 0, 11, 0, 0, 0, 5, 4, 20
"/home/asmaoui/Documents/coding/Association-Management/app/Http/Middleware/TrustHosts.php", "PHP", 0, 0, 0, 0, 12, 0, 0, 0, 5, 4, 21
"/home/asmaoui/Documents/coding/Association-Management/app/Http/Middleware/TrustProxies.php", "PHP", 0, 0, 0, 0, 14, 0, 0, 0, 10, 5, 29
"/home/asmaoui/Documents/coding/Association-Management/app/Http/Middleware/ValidateSignature.php", "PHP", 0, 0, 0, 0, 8, 0, 0, 0, 11, 4, 23
"/home/asmaoui/Documents/coding/Association-Management/app/Http/Middleware/VerifyCsrfToken.php", "PHP", 0, 0, 0, 0, 8, 0, 0, 0, 6, 4, 18
"/home/asmaoui/Documents/coding/Association-Management/app/Http/Requests/StoreAdherentRequest.php", "PHP", 0, 0, 0, 0, 15, 0, 0, 0, 9, 5, 29
"/home/asmaoui/Documents/coding/Association-Management/app/Http/Requests/StoreCotisationRequest.php", "PHP", 0, 0, 0, 0, 15, 0, 0, 0, 9, 5, 29
"/home/asmaoui/Documents/coding/Association-Management/app/Http/Requests/StoreEvenementRequest.php", "PHP", 0, 0, 0, 0, 15, 0, 0, 0, 9, 5, 29
"/home/asmaoui/Documents/coding/Association-Management/app/Http/Requests/StoreGroupeRequest.php", "PHP", 0, 0, 0, 0, 15, 0, 0, 0, 9, 5, 29
"/home/asmaoui/Documents/coding/Association-Management/app/Http/Requests/UpdateAdherentRequest.php", "PHP", 0, 0, 0, 0, 15, 0, 0, 0, 9, 5, 29
"/home/asmaoui/Documents/coding/Association-Management/app/Http/Requests/UpdateCotisationRequest.php", "PHP", 0, 0, 0, 0, 15, 0, 0, 0, 9, 5, 29
"/home/asmaoui/Documents/coding/Association-Management/app/Http/Requests/UpdateDepenseRequest.php", "PHP", 0, 0, 0, 0, 15, 0, 0, 0, 9, 5, 29
"/home/asmaoui/Documents/coding/Association-Management/app/Http/Requests/UpdateEvenementRequest.php", "PHP", 0, 0, 0, 0, 15, 0, 0, 0, 9, 5, 29
"/home/asmaoui/Documents/coding/Association-Management/app/Http/Requests/UpdateEvenementTypeRequest.php", "PHP", 0, 0, 0, 0, 15, 0, 0, 0, 9, 5, 29
"/home/asmaoui/Documents/coding/Association-Management/app/Http/Requests/UpdateGroupeRequest.php", "PHP", 0, 0, 0, 0, 15, 0, 0, 0, 9, 5, 29
"/home/asmaoui/Documents/coding/Association-Management/app/Http/Requests/UpdateRevenueRequest.php", "PHP", 0, 0, 0, 0, 15, 0, 0, 0, 9, 5, 29
"/home/asmaoui/Documents/coding/Association-Management/app/Models/Abonnement.php", "PHP", 0, 0, 0, 0, 13, 0, 0, 0, 0, 7, 20
"/home/asmaoui/Documents/coding/Association-Management/app/Models/Activity.php", "PHP", 0, 0, 0, 0, 23, 0, 0, 0, 8, 11, 42
"/home/asmaoui/Documents/coding/Association-Management/app/Models/ActivityType.php", "PHP", 0, 0, 0, 0, 19, 0, 0, 0, 0, 8, 27
"/home/asmaoui/Documents/coding/Association-Management/app/Models/Adherent.php", "PHP", 0, 0, 0, 0, 49, 0, 0, 0, 0, 15, 64
"/home/asmaoui/Documents/coding/Association-Management/app/Models/Association.php", "PHP", 0, 0, 0, 0, 10, 0, 0, 0, 0, 4, 14
"/home/asmaoui/Documents/coding/Association-Management/app/Models/Depense.php", "PHP", 0, 0, 0, 0, 18, 0, 0, 0, 0, 8, 26
"/home/asmaoui/Documents/coding/Association-Management/app/Models/DepenseType.php", "PHP", 0, 0, 0, 0, 19, 0, 0, 0, 0, 6, 25
"/home/asmaoui/Documents/coding/Association-Management/app/Models/Groupe.php", "PHP", 0, 0, 0, 0, 15, 0, 0, 0, 4, 6, 25
"/home/asmaoui/Documents/coding/Association-Management/app/Models/Rapport.php", "PHP", 0, 0, 0, 0, 14, 0, 0, 0, 0, 5, 19
"/home/asmaoui/Documents/coding/Association-Management/app/Models/Reunion.php", "PHP", 0, 0, 0, 0, 18, 0, 0, 0, 0, 8, 26
"/home/asmaoui/Documents/coding/Association-Management/app/Models/ReunionType.php", "PHP", 0, 0, 0, 0, 19, 0, 0, 0, 0, 8, 27
"/home/asmaoui/Documents/coding/Association-Management/app/Models/Revenue.php", "PHP", 0, 0, 0, 0, 18, 0, 0, 0, 0, 7, 25
"/home/asmaoui/Documents/coding/Association-Management/app/Models/RevenueType.php", "PHP", 0, 0, 0, 0, 19, 0, 0, 0, 0, 7, 26
"/home/asmaoui/Documents/coding/Association-Management/app/Models/Role.php", "PHP", 0, 0, 0, 0, 6, 0, 0, 0, 2, 4, 12
"/home/asmaoui/Documents/coding/Association-Management/app/Models/Statut.php", "PHP", 0, 0, 0, 0, 18, 0, 0, 0, 0, 6, 24
"/home/asmaoui/Documents/coding/Association-Management/app/Models/Stock.php", "PHP", 0, 0, 0, 0, 14, 0, 0, 0, 0, 7, 21
"/home/asmaoui/Documents/coding/Association-Management/app/Models/StockType.php", "PHP", 0, 0, 0, 0, 19, 0, 0, 0, 0, 8, 27
"/home/asmaoui/Documents/coding/Association-Management/app/Models/User.php", "PHP", 0, 0, 0, 0, 46, 0, 0, 0, 25, 11, 82
"/home/asmaoui/Documents/coding/Association-Management/app/Policies/AdherantPolicy.php", "PHP", 0, 0, 0, 0, 29, 0, 0, 0, 28, 10, 67
"/home/asmaoui/Documents/coding/Association-Management/app/Policies/EvenementPolicy.php", "PHP", 0, 0, 0, 0, 29, 0, 0, 0, 28, 10, 67
"/home/asmaoui/Documents/coding/Association-Management/app/Policies/GroupePolicy.php", "PHP", 0, 0, 0, 0, 29, 0, 0, 0, 28, 10, 67
"/home/asmaoui/Documents/coding/Association-Management/app/Providers/AppServiceProvider.php", "PHP", 0, 0, 0, 0, 14, 0, 0, 0, 7, 5, 26
"/home/asmaoui/Documents/coding/Association-Management/app/Providers/AuthServiceProvider.php", "PHP", 0, 0, 0, 0, 11, 0, 0, 0, 11, 5, 27
"/home/asmaoui/Documents/coding/Association-Management/app/Providers/BroadcastServiceProvider.php", "PHP", 0, 0, 0, 0, 12, 0, 0, 0, 3, 5, 20
"/home/asmaoui/Documents/coding/Association-Management/app/Providers/EventServiceProvider.php", "PHP", 0, 0, 0, 0, 21, 0, 0, 0, 12, 6, 39
"/home/asmaoui/Documents/coding/Association-Management/app/Providers/FortifyServiceProvider.php", "PHP", 0, 0, 0, 0, 31, 0, 0, 0, 7, 8, 46
"/home/asmaoui/Documents/coding/Association-Management/app/Providers/JetstreamServiceProvider.php", "PHP", 0, 0, 0, 0, 26, 0, 0, 0, 10, 8, 44
"/home/asmaoui/Documents/coding/Association-Management/app/Providers/RouteServiceProvider.php", "PHP", 0, 0, 0, 0, 24, 0, 0, 0, 10, 7, 41
"/home/asmaoui/Documents/coding/Association-Management/bootstrap/app.php", "PHP", 0, 0, 0, 0, 17, 0, 0, 0, 32, 11, 60
"/home/asmaoui/Documents/coding/Association-Management/bootstrap/cache/packages.php", "PHP", 0, 0, 0, 0, 152, 0, 0, 0, 0, 0, 152
"/home/asmaoui/Documents/coding/Association-Management/bootstrap/cache/services.php", "PHP", 0, 0, 0, 0, 275, 0, 0, 0, 0, 0, 275
"/home/asmaoui/Documents/coding/Association-Management/composer.json", "JSON", 80, 0, 0, 0, 0, 0, 0, 0, 0, 1, 81
"/home/asmaoui/Documents/coding/Association-Management/composer.lock", "JSON", 11089, 0, 0, 0, 0, 0, 0, 0, 0, 1, 11090
"/home/asmaoui/Documents/coding/Association-Management/config/app.php", "PHP", 0, 0, 0, 0, 31, 0, 0, 0, 133, 33, 197
"/home/asmaoui/Documents/coding/Association-Management/config/auth.php", "PHP", 0, 0, 0, 0, 28, 0, 0, 0, 74, 14, 116
"/home/asmaoui/Documents/coding/Association-Management/config/broadcasting.php", "PHP", 0, 0, 0, 0, 35, 0, 0, 0, 23, 13, 71
"/home/asmaoui/Documents/coding/Association-Management/config/cache.php", "PHP", 0, 0, 0, 0, 58, 0, 0, 0, 34, 19, 111
"/home/asmaoui/Documents/coding/Association-Management/config/cors.php", "PHP", 0, 0, 0, 0, 3, 0, 0, 0, 29, 3, 35
"/home/asmaoui/Documents/coding/Association-Management/config/database.php", "PHP", 0, 0, 0, 0, 83, 0, 0, 0, 47, 22, 152
"/home/asmaoui/Documents/coding/Association-Management/config/dompdf.php", "PHP", 0, 0, 0, 0, 30, 0, 0, 0, 229, 26, 285
"/home/asmaoui/Documents/coding/Association-Management/config/filesystems.php", "PHP", 0, 0, 0, 0, 32, 0, 0, 0, 32, 13, 77
"/home/asmaoui/Documents/coding/Association-Management/config/fortify.php", "PHP", 0, 0, 0, 0, 28, 0, 0, 0, 96, 24, 148
"/home/asmaoui/Documents/coding/Association-Management/config/hashing.php", "PHP", 0, 0, 0, 0, 12, 0, 0, 0, 32, 9, 53
"/home/asmaoui/Documents/coding/Association-Management/config/jetstream.php", "PHP", 0, 0, 0, 0, 14, 0, 0, 0, 53, 15, 82
"/home/asmaoui/Documents/coding/Association-Management/config/logging.php", "PHP", 0, 0, 0, 0, 79, 0, 0, 0, 34, 19, 132
"/home/asmaoui/Documents/coding/Association-Management/config/mail.php", "PHP", 0, 0, 0, 0, 53, 0, 0, 0, 53, 19, 125
"/home/asmaoui/Documents/coding/Association-Management/config/permission.php", "PHP", 0, 0, 0, 0, 30, 0, 0, 0, 91, 41, 162
"/home/asmaoui/Documents/coding/Association-Management/config/queue.php", "PHP", 0, 0, 0, 0, 51, 0, 0, 0, 42, 17, 110
"/home/asmaoui/Documents/coding/Association-Management/config/sanctum.php", "PHP", 0, 0, 0, 0, 15, 0, 0, 0, 41, 12, 68
"/home/asmaoui/Documents/coding/Association-Management/config/services.php", "PHP", 0, 0, 0, 0, 17, 0, 0, 0, 11, 7, 35
"/home/asmaoui/Documents/coding/Association-Management/config/session.php", "PHP", 0, 0, 0, 0, 22, 0, 0, 0, 147, 33, 202
"/home/asmaoui/Documents/coding/Association-Management/config/view.php", "PHP", 0, 0, 0, 0, 10, 0, 0, 0, 20, 7, 37
"/home/asmaoui/Documents/coding/Association-Management/database/factories/AdherentFactory.php", "PHP", 0, 0, 0, 0, 25, 0, 0, 0, 9, 4, 38
"/home/asmaoui/Documents/coding/Association-Management/database/factories/CotisationFactory.php", "PHP", 0, 0, 0, 0, 16, 0, 0, 0, 8, 4, 28
"/home/asmaoui/Documents/coding/Association-Management/database/factories/GroupeFactory.php", "PHP", 0, 0, 0, 0, 13, 0, 0, 0, 8, 4, 25
"/home/asmaoui/Documents/coding/Association-Management/database/factories/StockFactory.php", "PHP", 0, 0, 0, 0, 17, 0, 0, 0, 8, 5, 30
"/home/asmaoui/Documents/coding/Association-Management/database/factories/UserFactory.php", "PHP", 0, 0, 0, 0, 49, 0, 0, 0, 16, 8, 73
"/home/asmaoui/Documents/coding/Association-Management/database/migrations/2014_10_12_000000_create_users_table.php", "PHP", 0, 0, 0, 0, 25, 0, 0, 0, 6, 4, 35
"/home/asmaoui/Documents/coding/Association-Management/database/migrations/2014_10_12_100000_create_password_reset_tokens_table.php", "PHP", 0, 0, 0, 0, 19, 0, 0, 0, 6, 4, 29
"/home/asmaoui/Documents/coding/Association-Management/database/migrations/2014_10_12_200000_add_two_factor_columns_to_users_table.php", "PHP", 0, 0, 0, 0, 35, 0, 0, 0, 6, 6, 47
"/home/asmaoui/Documents/coding/Association-Management/database/migrations/2019_08_19_000000_create_failed_jobs_table.php", "PHP", 0, 0, 0, 0, 23, 0, 0, 0, 6, 4, 33
"/home/asmaoui/Documents/coding/Association-Management/database/migrations/2019_12_14_000001_create_personal_access_tokens_table.php", "PHP", 0, 0, 0, 0, 24, 0, 0, 0, 6, 4, 34
"/home/asmaoui/Documents/coding/Association-Management/database/migrations/2023_04_20_123742_create_sessions_table.php", "PHP", 0, 0, 0, 0, 22, 0, 0, 0, 6, 4, 32
"/home/asmaoui/Documents/coding/Association-Management/database/migrations/2023_04_28_120124_create_statuts_table.php", "PHP", 0, 0, 0, 0, 20, 0, 0, 0, 6, 4, 30
"/home/asmaoui/Documents/coding/Association-Management/database/migrations/2023_05_01_081519_create_adherents_table.php", "PHP", 0, 0, 0, 0, 36, 0, 0, 0, 7, 5, 48
"/home/asmaoui/Documents/coding/Association-Management/database/migrations/2023_05_01_081553_create_groupes_table.php", "PHP", 0, 0, 0, 0, 20, 0, 0, 0, 7, 4, 31
"/home/asmaoui/Documents/coding/Association-Management/database/migrations/2023_05_01_104449_create_activity_types_table.php", "PHP", 0, 0, 0, 0, 19, 0, 0, 0, 7, 4, 30
"/home/asmaoui/Documents/coding/Association-Management/database/migrations/2023_05_01_172445_create_stock_types_table.php", "PHP", 0, 0, 0, 0, 19, 0, 0, 0, 7, 4, 30
"/home/asmaoui/Documents/coding/Association-Management/database/migrations/2023_05_01_172538_create_revenue_types_table.php", "PHP", 0, 0, 0, 0, 19, 0, 0, 0, 7, 4, 30
"/home/asmaoui/Documents/coding/Association-Management/database/migrations/2023_05_01_172548_create_depense_types_table.php", "PHP", 0, 0, 0, 0, 19, 0, 0, 0, 7, 4, 30
"/home/asmaoui/Documents/coding/Association-Management/database/migrations/2023_05_03_163644_create_depenses_table.php", "PHP", 0, 0, 0, 0, 23, 0, 0, 0, 7, 4, 34
"/home/asmaoui/Documents/coding/Association-Management/database/migrations/2023_05_03_163653_create_revenues_table.php", "PHP", 0, 0, 0, 0, 23, 0, 0, 0, 7, 4, 34
"/home/asmaoui/Documents/coding/Association-Management/database/migrations/2023_05_11_100748_create_activities_table.php", "PHP", 0, 0, 0, 0, 29, 0, 0, 0, 7, 4, 40
"/home/asmaoui/Documents/coding/Association-Management/database/migrations/2023_05_11_101212_create_stocks_table.php", "PHP", 0, 0, 0, 0, 23, 0, 0, 0, 7, 6, 36
"/home/asmaoui/Documents/coding/Association-Management/database/migrations/2023_05_27_113824_create_adherent_groupe_table.php", "PHP", 0, 0, 0, 0, 20, 0, 0, 0, 6, 5, 31
"/home/asmaoui/Documents/coding/Association-Management/database/migrations/2023_06_07_073611_create_activity_adherent_table.php", "PHP", 0, 0, 0, 0, 20, 0, 0, 0, 6, 4, 30
"/home/asmaoui/Documents/coding/Association-Management/database/migrations/2023_06_12_121105_create_permission_tables.php", "PHP", 0, 0, 0, 0, 108, 0, 0, 0, 10, 24, 142
"/home/asmaoui/Documents/coding/Association-Management/database/migrations/2023_06_13_100505_create_associations_table.php", "PHP", 0, 0, 0, 0, 25, 0, 0, 0, 6, 5, 36
"/home/asmaoui/Documents/coding/Association-Management/database/migrations/2023_06_16_105404_create_reunion_types_table.php", "PHP", 0, 0, 0, 0, 19, 0, 0, 0, 7, 4, 30
"/home/asmaoui/Documents/coding/Association-Management/database/migrations/2023_06_16_214156_create_rapports_table.php", "PHP", 0, 0, 0, 0, 20, 0, 0, 0, 6, 5, 31
"/home/asmaoui/Documents/coding/Association-Management/database/migrations/2023_06_17_160734_create_reunions_table.php", "PHP", 0, 0, 0, 0, 22, 0, 0, 0, 7, 4, 33
"/home/asmaoui/Documents/coding/Association-Management/database/migrations/2023_06_21_173717_create_abonnements_table.php", "PHP", 0, 0, 0, 0, 21, 0, 0, 0, 7, 4, 32
"/home/asmaoui/Documents/coding/Association-Management/database/migrations/2023_07_07_073611_create_adherent_reunion_table.php", "PHP", 0, 0, 0, 0, 20, 0, 0, 0, 6, 4, 30
"/home/asmaoui/Documents/coding/Association-Management/database/seeders/AdherantSeeder.php", "PHP", 0, 0, 0, 0, 10, 0, 0, 0, 4, 4, 18
"/home/asmaoui/Documents/coding/Association-Management/database/seeders/CotisationSeeder.php", "PHP", 0, 0, 0, 0, 10, 0, 0, 0, 4, 4, 18
"/home/asmaoui/Documents/coding/Association-Management/database/seeders/DatabaseSeeder.php", "PHP", 0, 0, 0, 0, 88, 0, 0, 0, 21, 64, 173
"/home/asmaoui/Documents/coding/Association-Management/database/seeders/EvenementSeeder.php", "PHP", 0, 0, 0, 0, 10, 0, 0, 0, 4, 4, 18
"/home/asmaoui/Documents/coding/Association-Management/database/seeders/GroupeSeeder.php", "PHP", 0, 0, 0, 0, 10, 0, 0, 0, 4, 4, 18
"/home/asmaoui/Documents/coding/Association-Management/database/seeders/RolesTableSeeder.php", "PHP", 0, 0, 0, 0, 14, 0, 0, 0, 46, 15, 75
"/home/asmaoui/Documents/coding/Association-Management/database/seeders/StockSeeder.php", "PHP", 0, 0, 0, 0, 10, 0, 0, 0, 4, 4, 18
"/home/asmaoui/Documents/coding/Association-Management/lang/ar.json", "JSON", 190, 0, 0, 0, 0, 0, 0, 0, 0, 0, 190
"/home/asmaoui/Documents/coding/Association-Management/lang/ar/auth.php", "PHP", 0, 0, 0, 0, 7, 0, 0, 0, 0, 3, 10
"/home/asmaoui/Documents/coding/Association-Management/lang/ar/http-statuses.php", "PHP", 0, 0, 0, 0, 82, 0, 0, 0, 0, 3, 85
"/home/asmaoui/Documents/coding/Association-Management/lang/ar/pagination.php", "PHP", 0, 0, 0, 0, 6, 0, 0, 0, 0, 3, 9
"/home/asmaoui/Documents/coding/Association-Management/lang/ar/passwords.php", "PHP", 0, 0, 0, 0, 9, 0, 0, 0, 0, 3, 12
"/home/asmaoui/Documents/coding/Association-Management/lang/ar/validation.php", "PHP", 0, 0, 0, 0, 214, 0, 0, 0, 0, 3, 217
"/home/asmaoui/Documents/coding/Association-Management/lang/en.json", "JSON", 190, 0, 0, 0, 0, 0, 0, 0, 0, 0, 190
"/home/asmaoui/Documents/coding/Association-Management/lang/en/auth.php", "PHP", 0, 0, 0, 0, 7, 0, 0, 0, 0, 3, 10
"/home/asmaoui/Documents/coding/Association-Management/lang/en/http-statuses.php", "PHP", 0, 0, 0, 0, 82, 0, 0, 0, 0, 3, 85
"/home/asmaoui/Documents/coding/Association-Management/lang/en/pagination.php", "PHP", 0, 0, 0, 0, 6, 0, 0, 0, 0, 3, 9
"/home/asmaoui/Documents/coding/Association-Management/lang/en/passwords.php", "PHP", 0, 0, 0, 0, 9, 0, 0, 0, 0, 3, 12
"/home/asmaoui/Documents/coding/Association-Management/lang/en/validation.php", "PHP", 0, 0, 0, 0, 214, 0, 0, 0, 0, 3, 217
"/home/asmaoui/Documents/coding/Association-Management/lang/fr.json", "JSON", 190, 0, 0, 0, 0, 0, 0, 0, 0, 0, 190
"/home/asmaoui/Documents/coding/Association-Management/lang/fr/auth.php", "PHP", 0, 0, 0, 0, 7, 0, 0, 0, 0, 3, 10
"/home/asmaoui/Documents/coding/Association-Management/lang/fr/http-statuses.php", "PHP", 0, 0, 0, 0, 82, 0, 0, 0, 0, 3, 85
"/home/asmaoui/Documents/coding/Association-Management/lang/fr/pagination.php", "PHP", 0, 0, 0, 0, 6, 0, 0, 0, 0, 3, 9
"/home/asmaoui/Documents/coding/Association-Management/lang/fr/passwords.php", "PHP", 0, 0, 0, 0, 9, 0, 0, 0, 0, 3, 12
"/home/asmaoui/Documents/coding/Association-Management/lang/fr/validation.php", "PHP", 0, 0, 0, 0, 214, 0, 0, 0, 0, 3, 217
"/home/asmaoui/Documents/coding/Association-Management/package-lock.json", "JSON", 15337, 0, 0, 0, 0, 0, 0, 0, 0, 1, 15338
"/home/asmaoui/Documents/coding/Association-Management/package.json", "JSON", 75, 0, 0, 0, 0, 0, 0, 0, 0, 1, 76
"/home/asmaoui/Documents/coding/Association-Management/phpunit.xml", "XML", 0, 0, 29, 0, 0, 0, 0, 0, 2, 1, 32
"/home/asmaoui/Documents/coding/Association-Management/pnpm-lock.yaml", "YAML", 0, 0, 0, 0, 0, 1371, 0, 0, 0, 199, 1570
"/home/asmaoui/Documents/coding/Association-Management/postcss.config.js", "JavaScript", 0, 6, 0, 0, 0, 0, 0, 0, 0, 1, 7
"/home/asmaoui/Documents/coding/Association-Management/public/index.php", "PHP", 0, 0, 0, 0, 14, 0, 0, 0, 30, 12, 56
"/home/asmaoui/Documents/coding/Association-Management/resources/assets/logo.svg", "XML", 0, 0, 49, 0, 0, 0, 0, 0, 0, 1, 50
"/home/asmaoui/Documents/coding/Association-Management/resources/css/app.css", "CSS", 0, 0, 0, 14, 0, 0, 0, 0, 0, 4, 18
"/home/asmaoui/Documents/coding/Association-Management/resources/css/printing.css", "CSS", 0, 0, 0, 128, 0, 0, 0, 0, 0, 10, 138
"/home/asmaoui/Documents/coding/Association-Management/resources/js/Components/ActionMessage.vue", "Vue", 0, 0, 0, 0, 0, 0, 14, 0, 0, 2, 16
"/home/asmaoui/Documents/coding/Association-Management/resources/js/Components/ActionSection.vue", "Vue", 0, 0, 0, 0, 0, 0, 20, 0, 0, 3, 23
"/home/asmaoui/Documents/coding/Association-Management/resources/js/Components/ApplicationLogo.vue", "Vue", 0, 0, 0, 0, 0, 0, 7, 0, 0, 1, 8
"/home/asmaoui/Documents/coding/Association-Management/resources/js/Components/ApplicationMark.vue", "Vue", 0, 0, 0, 0, 0, 0, 6, 0, 0, 1, 7
"/home/asmaoui/Documents/coding/Association-Management/resources/js/Components/AuthenticationCard.vue", "Vue", 0, 0, 0, 0, 0, 0, 10, 0, 0, 2, 12
"/home/asmaoui/Documents/coding/Association-Management/resources/js/Components/AuthenticationCardLogo.vue", "Vue", 0, 0, 0, 0, 0, 0, 8, 0, 0, 2, 10
"/home/asmaoui/Documents/coding/Association-Management/resources/js/Components/Banner.vue", "Vue", 0, 0, 0, 0, 0, 0, 46, 0, 0, 7, 53
"/home/asmaoui/Documents/coding/Association-Management/resources/js/Components/Checkbox.vue", "Vue", 0, 0, 0, 0, 0, 0, 30, 0, 0, 6, 36
"/home/asmaoui/Documents/coding/Association-Management/resources/js/Components/ConfirmationModal.vue", "Vue", 0, 0, 0, 0, 0, 0, 50, 0, 0, 8, 58
"/home/asmaoui/Documents/coding/Association-Management/resources/js/Components/ConfirmsPassword.vue", "Vue", 0, 0, 0, 0, 0, 0, 99, 0, 0, 20, 119
"/home/asmaoui/Documents/coding/Association-Management/resources/js/Components/DangerButton.vue", "Vue", 0, 0, 0, 0, 0, 0, 13, 0, 0, 2, 15
"/home/asmaoui/Documents/coding/Association-Management/resources/js/Components/DialogModal.vue", "Vue", 0, 0, 0, 0, 0, 0, 41, 0, 0, 7, 48
"/home/asmaoui/Documents/coding/Association-Management/resources/js/Components/Dropdown.vue", "Vue", 0, 0, 0, 0, 0, 0, 70, 0, 1, 12, 83
"/home/asmaoui/Documents/coding/Association-Management/resources/js/Components/DropdownLink.vue", "Vue", 0, 0, 0, 0, 0, 0, 20, 0, 0, 5, 25
"/home/asmaoui/Documents/coding/Association-Management/resources/js/Components/Footer.vue", "Vue", 0, 0, 0, 0, 0, 0, 17, 0, 0, 1, 18
"/home/asmaoui/Documents/coding/Association-Management/resources/js/Components/FormSection.vue", "Vue", 0, 0, 0, 0, 0, 0, 33, 0, 0, 6, 39
"/home/asmaoui/Documents/coding/Association-Management/resources/js/Components/Header.vue", "Vue", 0, 0, 0, 0, 0, 0, 276, 0, 9, 6, 291
"/home/asmaoui/Documents/coding/Association-Management/resources/js/Components/ImageUpload.vue", "Vue", 0, 0, 0, 0, 0, 0, 110, 0, 0, 9, 119
"/home/asmaoui/Documents/coding/Association-Management/resources/js/Components/InputError.vue", "Vue", 0, 0, 0, 0, 0, 0, 12, 0, 0, 2, 14
"/home/asmaoui/Documents/coding/Association-Management/resources/js/Components/InputLabel.vue", "Vue", 0, 0, 0, 0, 0, 0, 11, 0, 0, 2, 13
"/home/asmaoui/Documents/coding/Association-Management/resources/js/Components/LanguageSwitcher.vue", "Vue", 0, 0, 0, 0, 0, 0, 1, 0, 0, 1, 2
"/home/asmaoui/Documents/coding/Association-Management/resources/js/Components/Modal.vue", "Vue", 0, 0, 0, 0, 0, 0, 81, 0, 0, 11, 92
"/home/asmaoui/Documents/coding/Association-Management/resources/js/Components/NavLink.vue", "Vue", 0, 0, 0, 0, 0, 0, 18, 0, 0, 4, 22
"/home/asmaoui/Documents/coding/Association-Management/resources/js/Components/Navbar.vue", "Vue", 0, 0, 0, 0, 0, 0, 438, 0, 85, 8, 531
"/home/asmaoui/Documents/coding/Association-Management/resources/js/Components/Pagination.vue", "Vue", 0, 0, 0, 0, 0, 0, 27, 0, 0, 3, 30
"/home/asmaoui/Documents/coding/Association-Management/resources/js/Components/PrimaryButton.vue", "Vue", 0, 0, 0, 0, 0, 0, 16, 0, 0, 2, 18
"/home/asmaoui/Documents/coding/Association-Management/resources/js/Components/ResponsiveNavLink.vue", "Vue", 0, 0, 0, 0, 0, 0, 24, 0, 0, 5, 29
"/home/asmaoui/Documents/coding/Association-Management/resources/js/Components/SecondaryButton.vue", "Vue", 0, 0, 0, 0, 0, 0, 13, 0, 0, 2, 15
"/home/asmaoui/Documents/coding/Association-Management/resources/js/Components/SectionBorder.vue", "Vue", 0, 0, 0, 0, 0, 0, 7, 0, 0, 1, 8
"/home/asmaoui/Documents/coding/Association-Management/resources/js/Components/SectionTitle.vue", "Vue", 0, 0, 0, 0, 0, 0, 15, 0, 0, 3, 18
"/home/asmaoui/Documents/coding/Association-Management/resources/js/Components/Sidebar.vue", "Vue", 0, 0, 0, 0, 0, 0, 454, 0, 18, 19, 491
"/home/asmaoui/Documents/coding/Association-Management/resources/js/Components/TextInput.vue", "Vue", 0, 0, 0, 0, 0, 0, 22, 0, 0, 7, 29
"/home/asmaoui/Documents/coding/Association-Management/resources/js/Components/Tooltip.vue", "Vue", 0, 0, 0, 0, 0, 0, 68, 0, 0, 5, 73
"/home/asmaoui/Documents/coding/Association-Management/resources/js/Components/Welcome.vue", "Vue", 0, 0, 0, 0, 0, 0, 89, 0, 0, 16, 105
"/home/asmaoui/Documents/coding/Association-Management/resources/js/Layouts/AppLayout.vue", "Vue", 0, 0, 0, 0, 0, 0, 364, 0, 19, 42, 425
"/home/asmaoui/Documents/coding/Association-Management/resources/js/Layouts/MainLayout.vue", "Vue", 0, 0, 0, 0, 0, 0, 32, 0, 4, 8, 44
"/home/asmaoui/Documents/coding/Association-Management/resources/js/Pages/API/Index.vue", "Vue", 0, 0, 0, 0, 0, 0, 27, 0, 0, 4, 31
"/home/asmaoui/Documents/coding/Association-Management/resources/js/Pages/API/Partials/ApiTokenManager.vue", "Vue", 0, 0, 0, 0, 0, 0, 211, 0, 8, 37, 256
"/home/asmaoui/Documents/coding/Association-Management/resources/js/Pages/Abonnements/Index.vue", "Vue", 0, 0, 0, 0, 0, 0, 449, 0, 8, 47, 504
"/home/asmaoui/Documents/coding/Association-Management/resources/js/Pages/Activities/Calender.vue", "Vue", 0, 0, 0, 0, 0, 0, 98, 0, 11, 21, 130
"/home/asmaoui/Documents/coding/Association-Management/resources/js/Pages/Activities/Index.vue", "Vue", 0, 0, 0, 0, 0, 0, 485, 0, 4, 33, 522
"/home/asmaoui/Documents/coding/Association-Management/resources/js/Pages/Activities/Show.vue", "Vue", 0, 0, 0, 0, 0, 0, 485, 0, 1, 18, 504
"/home/asmaoui/Documents/coding/Association-Management/resources/js/Pages/ActivityTypes/Index.vue", "Vue", 0, 0, 0, 0, 0, 0, 238, 0, 0, 9, 247
"/home/asmaoui/Documents/coding/Association-Management/resources/js/Pages/Adherents/Index.vue", "Vue", 0, 0, 0, 0, 0, 0, 939, 0, 13, 72, 1024
"/home/asmaoui/Documents/coding/Association-Management/resources/js/Pages/Adherents/Show.vue", "Vue", 0, 0, 0, 0, 0, 0, 705, 0, 20, 36, 761
"/home/asmaoui/Documents/coding/Association-Management/resources/js/Pages/Association/Index.vue", "Vue", 0, 0, 0, 0, 0, 0, 598, 0, 12, 35, 645
"/home/asmaoui/Documents/coding/Association-Management/resources/js/Pages/Auth/ConfirmPassword.vue", "Vue", 0, 0, 0, 0, 0, 0, 54, 0, 0, 10, 64
"/home/asmaoui/Documents/coding/Association-Management/resources/js/Pages/Auth/ForgotPassword.vue", "Vue", 0, 0, 0, 0, 0, 0, 52, 0, 0, 10, 62
"/home/asmaoui/Documents/coding/Association-Management/resources/js/Pages/Auth/Login.vue", "Vue", 0, 0, 0, 0, 0, 0, 98, 0, 14, 7, 119
"/home/asmaoui/Documents/coding/Association-Management/resources/js/Pages/Auth/Register.vue", "Vue", 0, 0, 0, 0, 0, 0, 118, 0, 0, 12, 130
"/home/asmaoui/Documents/coding/Association-Management/resources/js/Pages/Auth/ResetPassword.vue", "Vue", 0, 0, 0, 0, 0, 0, 82, 0, 3, 10, 95
"/home/asmaoui/Documents/coding/Association-Management/resources/js/Pages/Auth/TwoFactorChallenge.vue", "Vue", 0, 0, 0, 0, 0, 0, 88, 0, 0, 17, 105
"/home/asmaoui/Documents/coding/Association-Management/resources/js/Pages/Auth/VerifyEmail.vue", "Vue", 0, 0, 0, 0, 0, 0, 51, 0, 0, 12, 63
"/home/asmaoui/Documents/coding/Association-Management/resources/js/Pages/Dashboard.vue", "Vue", 0, 0, 0, 0, 0, 0, 426, 0, 2, 22, 450
"/home/asmaoui/Documents/coding/Association-Management/resources/js/Pages/DepenseTypes/Index.vue", "Vue", 0, 0, 0, 0, 0, 0, 237, 0, 0, 14, 251
"/home/asmaoui/Documents/coding/Association-Management/resources/js/Pages/Depenses/Index.vue", "Vue", 0, 0, 0, 0, 0, 0, 428, 0, 1, 30, 459
"/home/asmaoui/Documents/coding/Association-Management/resources/js/Pages/Documents/Index.vue", "Vue", 0, 0, 0, 0, 0, 0, 161, 0, 3, 11, 175
"/home/asmaoui/Documents/coding/Association-Management/resources/js/Pages/Groupes/Edit.vue", "Vue", 0, 0, 0, 0, 0, 0, 65, 0, 0, 12, 77
"/home/asmaoui/Documents/coding/Association-Management/resources/js/Pages/Groupes/Index.vue", "Vue", 0, 0, 0, 0, 0, 0, 294, 0, 3, 26, 323
"/home/asmaoui/Documents/coding/Association-Management/resources/js/Pages/Groupes/Show.vue", "Vue", 0, 0, 0, 0, 0, 0, 128, 0, 6, 11, 145
"/home/asmaoui/Documents/coding/Association-Management/resources/js/Pages/Profile/Partials/DeleteUserForm.vue", "Vue", 0, 0, 0, 0, 0, 0, 87, 0, 1, 18, 106
"/home/asmaoui/Documents/coding/Association-Management/resources/js/Pages/Profile/Partials/LogoutOtherBrowserSessionsForm.vue", "Vue", 0, 0, 0, 0, 0, 0, 115, 0, 2, 25, 142
"/home/asmaoui/Documents/coding/Association-Management/resources/js/Pages/Profile/Partials/TwoFactorAuthenticationForm.vue", "Vue", 0, 0, 0, 0, 0, 0, 217, 0, 0, 36, 253
"/home/asmaoui/Documents/coding/Association-Management/resources/js/Pages/Profile/Partials/UpdatePasswordForm.vue", "Vue", 0, 0, 0, 0, 0, 0, 107, 0, 0, 12, 119
"/home/asmaoui/Documents/coding/Association-Management/resources/js/Pages/Profile/Partials/UpdateProfileInformationForm.vue", "Vue", 0, 0, 0, 0, 0, 0, 178, 0, 6, 31, 215
"/home/asmaoui/Documents/coding/Association-Management/resources/js/Pages/Profile/Show.vue", "Vue", 0, 0, 0, 0, 0, 0, 41, 0, 1, 8, 50
"/home/asmaoui/Documents/coding/Association-Management/resources/js/Pages/ReunionTypes/Index.vue", "Vue", 0, 0, 0, 0, 0, 0, 237, 0, 0, 14, 251
"/home/asmaoui/Documents/coding/Association-Management/resources/js/Pages/Reunions/Index.vue", "Vue", 0, 0, 0, 0, 0, 0, 427, 0, 5, 40, 472
"/home/asmaoui/Documents/coding/Association-Management/resources/js/Pages/Reunions/Show.vue", "Vue", 0, 0, 0, 0, 0, 0, 372, 0, 0, 25, 397
"/home/asmaoui/Documents/coding/Association-Management/resources/js/Pages/RevenueTypes/Index.vue", "Vue", 0, 0, 0, 0, 0, 0, 237, 0, 0, 14, 251
"/home/asmaoui/Documents/coding/Association-Management/resources/js/Pages/Revenues/Index.vue", "Vue", 0, 0, 0, 0, 0, 0, 425, 0, 4, 30, 459
"/home/asmaoui/Documents/coding/Association-Management/resources/js/Pages/Status/Index.vue", "Vue", 0, 0, 0, 0, 0, 0, 231, 0, 3, 15, 249
"/home/asmaoui/Documents/coding/Association-Management/resources/js/Pages/StockTypes/Index.vue", "Vue", 0, 0, 0, 0, 0, 0, 237, 0, 0, 14, 251
"/home/asmaoui/Documents/coding/Association-Management/resources/js/Pages/Stocks/Index.vue", "Vue", 0, 0, 0, 0, 0, 0, 396, 0, 46, 25, 467
"/home/asmaoui/Documents/coding/Association-Management/resources/js/Pages/Stocks/Show.vue", "Vue", 0, 0, 0, 0, 0, 0, 90, 0, 0, 8, 98
"/home/asmaoui/Documents/coding/Association-Management/resources/js/Pages/Users/Index.vue", "Vue", 0, 0, 0, 0, 0, 0, 332, 0, 0, 17, 349
"/home/asmaoui/Documents/coding/Association-Management/resources/js/Pages/Welcome.vue", "Vue", 0, 0, 0, 0, 0, 0, 116, 0, 1, 5, 122
"/home/asmaoui/Documents/coding/Association-Management/resources/js/app.js", "JavaScript", 0, 33, 0, 0, 0, 0, 0, 0, 1, 4, 38
"/home/asmaoui/Documents/coding/Association-Management/resources/js/bootstrap.js", "JavaScript", 0, 3, 0, 0, 0, 0, 0, 0, 23, 7, 33
"/home/asmaoui/Documents/coding/Association-Management/resources/js/data.json", "JSON", 3146, 0, 0, 0, 0, 0, 0, 0, 0, 1, 3147
"/home/asmaoui/Documents/coding/Association-Management/resources/js/hooks/useSidebar.js", "JavaScript", 0, 7, 0, 0, 0, 0, 0, 0, 0, 3, 10
"/home/asmaoui/Documents/coding/Association-Management/resources/js/i18n/index.js", "JavaScript", 0, 10, 0, 0, 0, 0, 0, 0, 0, 2, 12
"/home/asmaoui/Documents/coding/Association-Management/resources/js/locales/ar.json", "JSON", 307, 0, 0, 0, 0, 0, 0, 0, 0, 3, 310
"/home/asmaoui/Documents/coding/Association-Management/resources/js/locales/fr.json", "JSON", 233, 0, 0, 0, 0, 0, 0, 0, 0, 3, 236
"/home/asmaoui/Documents/coding/Association-Management/resources/js/regions.json", "JSON", 476, 0, 0, 0, 0, 0, 0, 0, 0, 1, 477
"/home/asmaoui/Documents/coding/Association-Management/resources/js/stores/general.js", "JavaScript", 0, 9, 0, 0, 0, 0, 0, 0, 0, 2, 11
"/home/asmaoui/Documents/coding/Association-Management/resources/views/adherants/card.blade.php", "PHP", 0, 0, 0, 0, 42, 0, 0, 0, 0, 5, 47
"/home/asmaoui/Documents/coding/Association-Management/resources/views/app.blade.php", "PHP", 0, 0, 0, 0, 20, 0, 0, 0, 0, 7, 27
"/home/asmaoui/Documents/coding/Association-Management/resources/views/documents/rapport_financier.blade.php", "PHP", 0, 0, 0, 0, 156, 0, 0, 0, 0, 19, 175
"/home/asmaoui/Documents/coding/Association-Management/resources/views/documents/rapport_litteraire.blade.php", "PHP", 0, 0, 0, 0, 79, 0, 0, 0, 0, 13, 92
"/home/asmaoui/Documents/coding/Association-Management/resources/views/emails/team-invitation.blade.php", "PHP", 0, 0, 0, 0, 16, 0, 0, 0, 0, 8, 24
"/home/asmaoui/Documents/coding/Association-Management/routes/api.php", "PHP", 0, 0, 0, 0, 6, 0, 0, 0, 10, 4, 20
"/home/asmaoui/Documents/coding/Association-Management/routes/channels.php", "PHP", 0, 0, 0, 0, 5, 0, 0, 0, 10, 4, 19
"/home/asmaoui/Documents/coding/Association-Management/routes/console.php", "PHP", 0, 0, 0, 0, 6, 0, 0, 0, 10, 4, 20
"/home/asmaoui/Documents/coding/Association-Management/routes/web.php", "PHP", 0, 0, 0, 0, 49, 0, 0, 0, 13, 8, 70
"/home/asmaoui/Documents/coding/Association-Management/tailwind.config.js", "JavaScript", 0, 25, 0, 0, 0, 0, 0, 0, 2, 4, 31
"/home/asmaoui/Documents/coding/Association-Management/tests/CreatesApplication.php", "PHP", 0, 0, 0, 0, 13, 0, 0, 0, 3, 6, 22
"/home/asmaoui/Documents/coding/Association-Management/tests/Feature/AuthenticationTest.php", "PHP", 0, 0, 0, 0, 34, 0, 0, 0, 0, 12, 46
"/home/asmaoui/Documents/coding/Association-Management/tests/Feature/BrowserSessionsTest.php", "PHP", 0, 0, 0, 0, 17, 0, 0, 0, 0, 7, 24
"/home/asmaoui/Documents/coding/Association-Management/tests/Feature/CreateApiTokenTest.php", "PHP", 0, 0, 0, 0, 29, 0, 0, 0, 0, 9, 38
"/home/asmaoui/Documents/coding/Association-Management/tests/Feature/DeleteAccountTest.php", "PHP", 0, 0, 0, 0, 34, 0, 0, 0, 0, 14, 48
"/home/asmaoui/Documents/coding/Association-Management/tests/Feature/DeleteApiTokenTest.php", "PHP", 0, 0, 0, 0, 26, 0, 0, 0, 0, 10, 36
"/home/asmaoui/Documents/coding/Association-Management/tests/Feature/EmailVerificationTest.php", "PHP", 0, 0, 0, 0, 57, 0, 0, 0, 0, 23, 80
"/home/asmaoui/Documents/coding/Association-Management/tests/Feature/ExampleTest.php", "PHP", 0, 0, 0, 0, 11, 0, 0, 0, 4, 5, 20
"/home/asmaoui/Documents/coding/Association-Management/tests/Feature/PasswordConfirmationTest.php", "PHP", 0, 0, 0, 0, 33, 0, 0, 0, 0, 13, 46
"/home/asmaoui/Documents/coding/Association-Management/tests/Feature/PasswordResetTest.php", "PHP", 0, 0, 0, 0, 73, 0, 0, 0, 0, 30, 103
"/home/asmaoui/Documents/coding/Association-Management/tests/Feature/ProfileInformationTest.php", "PHP", 0, 0, 0, 0, 19, 0, 0, 0, 0, 7, 26
"/home/asmaoui/Documents/coding/Association-Management/tests/Feature/RegistrationTest.php", "PHP", 0, 0, 0, 0, 45, 0, 0, 0, 0, 16, 61
"/home/asmaoui/Documents/coding/Association-Management/tests/Feature/TwoFactorAuthenticationSettingsTest.php", "PHP", 0, 0, 0, 0, 50, 0, 0, 0, 0, 26, 76
"/home/asmaoui/Documents/coding/Association-Management/tests/Feature/UpdatePasswordTest.php", "PHP", 0, 0, 0, 0, 42, 0, 0, 0, 0, 15, 57
"/home/asmaoui/Documents/coding/Association-Management/tests/Pest.php", "PHP", 0, 0, 0, 0, 10, 0, 0, 0, 32, 7, 49
"/home/asmaoui/Documents/coding/Association-Management/tests/TestCase.php", "PHP", 0, 0, 0, 0, 7, 0, 0, 0, 0, 4, 11
"/home/asmaoui/Documents/coding/Association-Management/tests/Unit/ExampleTest.php", "PHP", 0, 0, 0, 0, 10, 0, 0, 0, 3, 4, 17
"/home/asmaoui/Documents/coding/Association-Management/vendor/mpdf/mpdf/tmp/mpdf/ttfontdata/dejavusans.GDEFdata.json", "JSON", 1, 0, 0, 0, 0, 0, 0, 0, 0, 0, 1
"/home/asmaoui/Documents/coding/Association-Management/vendor/mpdf/mpdf/tmp/mpdf/ttfontdata/dejavusans.GPOSdata.json", "JSON", 1, 0, 0, 0, 0, 0, 0, 0, 0, 0, 1
"/home/asmaoui/Documents/coding/Association-Management/vendor/mpdf/mpdf/tmp/mpdf/ttfontdata/dejavusans.GSUB.arab.DFLT.json", "JSON", 1, 0, 0, 0, 0, 0, 0, 0, 0, 0, 1
"/home/asmaoui/Documents/coding/Association-Management/vendor/mpdf/mpdf/tmp/mpdf/ttfontdata/dejavusans.GSUB.arab.KUR .json", "JSON", 1, 0, 0, 0, 0, 0, 0, 0, 0, 0, 1
"/home/asmaoui/Documents/coding/Association-Management/vendor/mpdf/mpdf/tmp/mpdf/ttfontdata/dejavusans.GSUB.arab.SND .json", "JSON", 1, 0, 0, 0, 0, 0, 0, 0, 0, 0, 1
"/home/asmaoui/Documents/coding/Association-Management/vendor/mpdf/mpdf/tmp/mpdf/ttfontdata/dejavusans.GSUB.arab.URD .json", "JSON", 1, 0, 0, 0, 0, 0, 0, 0, 0, 0, 1
"/home/asmaoui/Documents/coding/Association-Management/vendor/mpdf/mpdf/tmp/mpdf/ttfontdata/dejavusans.GSUB.nko .DFLT.json", "JSON", 1, 0, 0, 0, 0, 0, 0, 0, 0, 0, 1
"/home/asmaoui/Documents/coding/Association-Management/vendor/mpdf/mpdf/tmp/mpdf/ttfontdata/dejavusans.GSUBdata.json", "JSON", 1, 0, 0, 0, 0, 0, 0, 0, 0, 0, 1
"/home/asmaoui/Documents/coding/Association-Management/vendor/mpdf/mpdf/tmp/mpdf/ttfontdata/dejavusans.cw127.json", "JSON", 1, 0, 0, 0, 0, 0, 0, 0, 0, 0, 1
"/home/asmaoui/Documents/coding/Association-Management/vendor/mpdf/mpdf/tmp/mpdf/ttfontdata/dejavusans.mtx.json", "JSON", 1, 0, 0, 0, 0, 0, 0, 0, 0, 0, 1
"/home/asmaoui/Documents/coding/Association-Management/vendor/mpdf/mpdf/tmp/mpdf/ttfontdata/dejavusansB.GDEFdata.json", "JSON", 1, 0, 0, 0, 0, 0, 0, 0, 0, 0, 1
"/home/asmaoui/Documents/coding/Association-Management/vendor/mpdf/mpdf/tmp/mpdf/ttfontdata/dejavusansB.GPOSdata.json", "JSON", 1, 0, 0, 0, 0, 0, 0, 0, 0, 0, 1
"/home/asmaoui/Documents/coding/Association-Management/vendor/mpdf/mpdf/tmp/mpdf/ttfontdata/dejavusansB.GSUB.arab.DFLT.json", "JSON", 1, 0, 0, 0, 0, 0, 0, 0, 0, 0, 1
"/home/asmaoui/Documents/coding/Association-Management/vendor/mpdf/mpdf/tmp/mpdf/ttfontdata/dejavusansB.GSUB.arab.KUR .json", "JSON", 1, 0, 0, 0, 0, 0, 0, 0, 0, 0, 1
"/home/asmaoui/Documents/coding/Association-Management/vendor/mpdf/mpdf/tmp/mpdf/ttfontdata/dejavusansB.GSUB.arab.SND .json", "JSON", 1, 0, 0, 0, 0, 0, 0, 0, 0, 0, 1
"/home/asmaoui/Documents/coding/Association-Management/vendor/mpdf/mpdf/tmp/mpdf/ttfontdata/dejavusansB.GSUB.arab.URD .json", "JSON", 1, 0, 0, 0, 0, 0, 0, 0, 0, 0, 1
"/home/asmaoui/Documents/coding/Association-Management/vendor/mpdf/mpdf/tmp/mpdf/ttfontdata/dejavusansB.GSUB.nko .DFLT.json", "JSON", 1, 0, 0, 0, 0, 0, 0, 0, 0, 0, 1
"/home/asmaoui/Documents/coding/Association-Management/vendor/mpdf/mpdf/tmp/mpdf/ttfontdata/dejavusansB.GSUBdata.json", "JSON", 1, 0, 0, 0, 0, 0, 0, 0, 0, 0, 1
"/home/asmaoui/Documents/coding/Association-Management/vendor/mpdf/mpdf/tmp/mpdf/ttfontdata/dejavusansB.cw127.json", "JSON", 1, 0, 0, 0, 0, 0, 0, 0, 0, 0, 1
"/home/asmaoui/Documents/coding/Association-Management/vendor/mpdf/mpdf/tmp/mpdf/ttfontdata/dejavusansB.mtx.json", "JSON", 1, 0, 0, 0, 0, 0, 0, 0, 0, 0, 1
"/home/asmaoui/Documents/coding/Association-Management/vendor/mpdf/mpdf/tmp/mpdf/ttfontdata/dejavusanscondensed.GDEFdata.json", "JSON", 1, 0, 0, 0, 0, 0, 0, 0, 0, 0, 1
"/home/asmaoui/Documents/coding/Association-Management/vendor/mpdf/mpdf/tmp/mpdf/ttfontdata/dejavusanscondensed.GPOSdata.json", "JSON", 1, 0, 0, 0, 0, 0, 0, 0, 0, 0, 1
"/home/asmaoui/Documents/coding/Association-Management/vendor/mpdf/mpdf/tmp/mpdf/ttfontdata/dejavusanscondensed.GSUB.arab.DFLT.json", "JSON", 1, 0, 0, 0, 0, 0, 0, 0, 0, 0, 1
"/home/asmaoui/Documents/coding/Association-Management/vendor/mpdf/mpdf/tmp/mpdf/ttfontdata/dejavusanscondensed.GSUB.arab.KUR .json", "JSON", 1, 0, 0, 0, 0, 0, 0, 0, 0, 0, 1
"/home/asmaoui/Documents/coding/Association-Management/vendor/mpdf/mpdf/tmp/mpdf/ttfontdata/dejavusanscondensed.GSUB.arab.SND .json", "JSON", 1, 0, 0, 0, 0, 0, 0, 0, 0, 0, 1
"/home/asmaoui/Documents/coding/Association-Management/vendor/mpdf/mpdf/tmp/mpdf/ttfontdata/dejavusanscondensed.GSUB.arab.URD .json", "JSON", 1, 0, 0, 0, 0, 0, 0, 0, 0, 0, 1
"/home/asmaoui/Documents/coding/Association-Management/vendor/mpdf/mpdf/tmp/mpdf/ttfontdata/dejavusanscondensed.GSUB.nko .DFLT.json", "JSON", 1, 0, 0, 0, 0, 0, 0, 0, 0, 0, 1
"/home/asmaoui/Documents/coding/Association-Management/vendor/mpdf/mpdf/tmp/mpdf/ttfontdata/dejavusanscondensed.GSUBdata.json", "JSON", 1, 0, 0, 0, 0, 0, 0, 0, 0, 0, 1
"/home/asmaoui/Documents/coding/Association-Management/vendor/mpdf/mpdf/tmp/mpdf/ttfontdata/dejavusanscondensed.cw127.json", "JSON", 1, 0, 0, 0, 0, 0, 0, 0, 0, 0, 1
"/home/asmaoui/Documents/coding/Association-Management/vendor/mpdf/mpdf/tmp/mpdf/ttfontdata/dejavusanscondensed.mtx.json", "JSON", 1, 0, 0, 0, 0, 0, 0, 0, 0, 0, 1
"/home/asmaoui/Documents/coding/Association-Management/vendor/mpdf/mpdf/tmp/mpdf/ttfontdata/dejavusanscondensedB.GDEFdata.json", "JSON", 1, 0, 0, 0, 0, 0, 0, 0, 0, 0, 1
"/home/asmaoui/Documents/coding/Association-Management/vendor/mpdf/mpdf/tmp/mpdf/ttfontdata/dejavusanscondensedB.GPOSdata.json", "JSON", 1, 0, 0, 0, 0, 0, 0, 0, 0, 0, 1
"/home/asmaoui/Documents/coding/Association-Management/vendor/mpdf/mpdf/tmp/mpdf/ttfontdata/dejavusanscondensedB.GSUB.arab.DFLT.json", "JSON", 1, 0, 0, 0, 0, 0, 0, 0, 0, 0, 1
"/home/asmaoui/Documents/coding/Association-Management/vendor/mpdf/mpdf/tmp/mpdf/ttfontdata/dejavusanscondensedB.GSUB.arab.KUR .json", "JSON", 1, 0, 0, 0, 0, 0, 0, 0, 0, 0, 1
"/home/asmaoui/Documents/coding/Association-Management/vendor/mpdf/mpdf/tmp/mpdf/ttfontdata/dejavusanscondensedB.GSUB.arab.SND .json", "JSON", 1, 0, 0, 0, 0, 0, 0, 0, 0, 0, 1
"/home/asmaoui/Documents/coding/Association-Management/vendor/mpdf/mpdf/tmp/mpdf/ttfontdata/dejavusanscondensedB.GSUB.arab.URD .json", "JSON", 1, 0, 0, 0, 0, 0, 0, 0, 0, 0, 1
"/home/asmaoui/Documents/coding/Association-Management/vendor/mpdf/mpdf/tmp/mpdf/ttfontdata/dejavusanscondensedB.GSUB.nko .DFLT.json", "JSON", 1, 0, 0, 0, 0, 0, 0, 0, 0, 0, 1
"/home/asmaoui/Documents/coding/Association-Management/vendor/mpdf/mpdf/tmp/mpdf/ttfontdata/dejavusanscondensedB.GSUBdata.json", "JSON", 1, 0, 0, 0, 0, 0, 0, 0, 0, 0, 1
"/home/asmaoui/Documents/coding/Association-Management/vendor/mpdf/mpdf/tmp/mpdf/ttfontdata/dejavusanscondensedB.cw127.json", "JSON", 1, 0, 0, 0, 0, 0, 0, 0, 0, 0, 1
"/home/asmaoui/Documents/coding/Association-Management/vendor/mpdf/mpdf/tmp/mpdf/ttfontdata/dejavusanscondensedB.mtx.json", "JSON", 1, 0, 0, 0, 0, 0, 0, 0, 0, 0, 1
"/home/asmaoui/Documents/coding/Association-Management/vendor/mpdf/mpdf/tmp/mpdf/ttfontdata/dejavuserifcondensed.mtx.json", "JSON", 1, 0, 0, 0, 0, 0, 0, 0, 0, 0, 1
"/home/asmaoui/Documents/coding/Association-Management/vendor/mpdf/mpdf/tmp/mpdf/ttfontdata/dejavuserifcondensedB.mtx.json", "JSON", 1, 0, 0, 0, 0, 0, 0, 0, 0, 0, 1
"/home/asmaoui/Documents/coding/Association-Management/vendor/spatie/ignition/resources/compiled/ignition.css", "CSS", 0, 0, 0, 1, 0, 0, 0, 0, 2, 0, 3
"/home/asmaoui/Documents/coding/Association-Management/vendor/spatie/ignition/resources/compiled/ignition.js", "JavaScript", 0, 6, 0, 0, 0, 0, 0, 0, 0, 1, 7
"/home/asmaoui/Documents/coding/Association-Management/vite.config.js", "JavaScript", 0, 23, 0, 0, 0, 0, 0, 0, 4, 2, 29
"Total", "-", 31355, 149, 78, 143, 6642, 1371, 12924, 45, 2966, 3132, 58805